Station Name (A-F),CRS Code,Station Name (G-M),CRS Code,Station Name (N-R),CRS Code,Station Name (S-Y),CRS Code
Abbey Wood,ABW,Gainsborough Central,GNB,Nafferton,NFN,Salford Central,SFD
Aber,ABE,Gainsborough Lea Road,GBL,Nailsea & Backwell,NLS,Salford Crescent,SLD
Abercynon,ACY,Galashiels,GAL,Nairn,NRN,Salfords (Surrey),SAF
Aberdare,ABA,Garelochhead,GCH,Nantwich,NAN,Salhouse,SAH
Aberdeen,ABD,Garforth,GRF,Narberth,NAR,Salisbury,SAL
Aberdour,AUR,Gargrave,GGV,Narborough,NBR,Saltaire,SAE
Aberdovey,AVY,Garrowhill,GAR,Navigation Road,NVR,Saltash,STS
Abererch,ABH,Garscadden,GRS,Neath,NTH,Saltburn,SLB
Abergavenny,AGV,Garsdale,GSD,Needham Market,NMT,Saltcoats,SLT
Abergele & Pensarn,AGL,Garston (Hertfordshire),GSN,Neilston,NEI,Saltmarshe,SAM
Aberystwyth,AYW,Garswood,GSW,Nelson,NEL,Salwick,SLW
Accrington,ACR,Gartcosh,GRH,Neston,NES,Sampford Courtenay,SMC
Achanalt,AAT,Garth (Mid Glamorgan),GMG,Netherfield,NET,Sandal & Agbrigg,SNA
Achnasheen,ACN,Garth (Powys),GTH,Nethertown,NRT,Sandbach,SDB
Achnashellach,ACH,Garve,GVE,Netley,NTL,Sanderstead,SNR
Acklington,ACK,Gathurst,GST,New Barnet,NBA,Sandhills,SDL
Acle,ACL,Gatley,GTY,New Beckenham,NBC,Sandhurst (Berks),SND
Acocks Green,ACG,Gatwick Airport,GTW,New Brighton,NBN,Sandling,SDG
Acton Bridge (Cheshire),ACB,Georgemas Junction,GGJ,New Clee,NCE,Sandown,SAN
Acton Central,ACC,Gerrards Cross,GER,New Cross,NWX,Sandplace,SDP
Acton Main Line,AML,Gidea Park,GDP,New Cross Gate,NXG,Sandwell & Dudley,SAD
Adderley Park,ADD,Giffnock,GFN,New Cumnock,NCK,Sandwich,SDW
Addiewell,ADW,Giggleswick,GIG,New Eltham,NEH,Sandy,SDY
Addlestone,ASN,Gilberdyke,GBD,New Holland,NHL,Sankey for Penketh,SNK
Adisham,ADM,Gilfach Fargoed,GFF,New Hythe,NHE,Sanquhar,SQH
Adlington (Cheshire),ADC,Gillingham (Dorset),GIL,New Lane,NLN,Sarn,SRR
Adlington (Lancs),ADL,Gillingham (Kent),GLM,New Malden,NEM,Saundersfoot,SDF
Adwick,AWK,Gilshochill,GSC,New Mills Central,NMC,Saunderton,SDR
Aigburth,AIG,Gipsy Hill,GIP,New Mills Newtown,NMN,Sawbridgeworth,SAW
Ainsdale,ANS,Girvan,GIR,New Milton,NWM,Saxilby,SXY
Aintree,AIN,Glaisdale,GLS,New Pudsey,NPD,Saxmundham,SAX
Airbles,AIR,Glan Conwy,GCW,New Southgate,NSG,Scarborough,SCA
Airdrie,ADR,Glasgow Central,GLC,Newark Castle,NCT,Scotscalder,SCT
Albany Park,AYP,Glasgow Queen Street,GLQ,Newark North Gate,NNG,Scotstounhill,SCH
Albrighton,ALB,Glasshoughton,GLH,Newbridge,NBE,Scunthorpe,SCU
Alderley Edge,ALD,Glazebrook,GLZ,Newbury,NBY,Sea Mills,SML
Aldermaston,AMT,Gleneagles,GLE,Newbury Racecourse,NRC,Seaford (Sussex),SEF
Aldershot,AHT,Glenfinnan,GLF,Newcastle,NCL,Seaforth & Litherland,SFL
Aldrington,AGT,Glengarnock,GLG,Newcourt,NCO,Seaham,SEA
Alexandra Palace,AAP,Glenrothes with Thornton,GLT,Newcraighall,NEW,Seamer,SEM
Alexandra Parade,AXP,Glossop,GLO,Newhaven Harbour,NVH,Seascale,SSC
Alexandria,ALX,Gloucester,GCR,Newhaven Town,NVN,Seaton Carew,SEC
Alfreton,ALF,Glynde,GLY,Newington,NGT,Seer Green & Jordans,SRG
Allens West,ALW,Gobowen,GOB,Newmarket,NMK,Selby,SBY
Alloa,ALO,Godalming,GOD,Newport (Essex),NWE,Selhurst,SRS
Alness,ASS,Godley,GDL,Newport (South Wales),NWP,Sellafield,SEL
Alnmouth,ALM,Godstone,GDN,Newquay,NQY,Selling,SEG
Alresford (Essex),ALR,Goldthorpe,GOE,Newstead,NSD,Selly Oak,SLY
Alsager,ASG,Golf Street,GOF,Newton (Lanark),NTN,Settle,SET
Althorne (Essex),ALN,Golspie,GOL,Newton Abbot,NTA,Seven Kings,SVK
Althorpe,ALP,Gomshall,GOM,Newton Aycliffe,NAY,Seven Sisters,SVS
Altnabreac,ABC,Goodmayes,GMY,Newton for Hyde,NWN,Sevenoaks,SEV
Alton,AON,Goole,GOO,Newton St Cyres,NTC,Severn Beach,SVB
Altrincham,ALT,Goostrey,GTR,Newtongrange,NEG,Severn Tunnel Junction,STJ
Alvechurch,ALV,Gordon Hill,GDH,Newton-le-Willows,NLW,Shadwell,SDE
Ambergate,AMB,Gorebridge,GBG,Newtonmore,NWR,Shalford (Surrey),SFR
Amberley,AMY,Goring & Streatley,GOR,Newton-on-Ayr,NOA,Shanklin,SHN
Amersham,AMR,Goring-by-Sea,GBS,Newtown (Powys),NWT,Shawfair,SFI
Ammanford,AMF,Gorton,GTO,Ninian Park,NNP,Shawford,SHW
Ancaster,ANC,Gospel Oak,GPO,Nitshill,NIT,Shawlands,SHL
Anderston,AND,Gourock,GRK,Norbiton,NBT,Sheerness-on-Sea,SSS
Andover,ADV,Gowerton,GWN,Norbury,NRB,Sheffield,SHF
Anerley,ANZ,Goxhill,GOX,Normans Bay,NSB,Shelford (Cambs),SED
Angmering,ANG,Grange Park,GPK,Normanton,NOR,Shenfield,SNF
Annan,ANN,Grange-Over-Sands,GOS,North Berwick,NBW,Shenstone,SEN
Anniesland,ANL,Grangetown (Cardiff),GTN,North Camp,NCM,Shepherd's Bush,SPB
Ansdell & Fairhaven,AFV,Grantham,GRA,North Dulwich,NDL,Shepherds Well,SPH
Apperley Bridge,APY,Grateley,GRT,North Fambridge,NFA,Shepley,SPY
Appleby,APP,Gravelly Hill,GVH,North Llanrwst,NLR,Shepperton,SHP
Appledore (Kent),APD,Gravesend,GRV,North Queensferry,NQU,Shepreth,STH
Appleford,APF,Grays,GRY,North Road (Darlington),NRD,Sherborne,SHE
Appley Bridge,APB,Great Ayton,GTA,North Sheen,NSH,Sherburn-in-Elmet,SIE
Apsley,APS,Great Bentley,GRB,North Walsham,NWA,Sheringham,SHM
Arbroath,ARB,Great Chesterford,GRC,North Wembley,NWB,Shettleston,SLS
Ardgay,ARD,Great Coates,GCT,Northallerton,NTR,Shieldmuir,SDM
Ardlui,AUI,Great Malvern,GMV,Northampton,NMP,Shifnal,SFN
Ardrossan Harbour,ADS,Great Missenden,GMN,Northfield,NFD,Shildon,SHD
Ardrossan South Beach,ASB,Great Yarmouth,GYM,Northfleet,NFL,Shiplake,SHI
Ardrossan Town,ADN,Green Lane,GNL,Northolt Park,NLT,Shipley (Yorks),SHY
Ardwick,ADK,Green Road,GNR,Northumberland Park,NUM,Shippea Hill,SPP
Argyle Street,AGS,Greenbank,GBK,Northwich,NWI,Shipton,SIP
Arisaig,ARG,Greenfaulds,GRL,Norwich,NRW,Shirebrook,SHB
Arlesey,ARL,Greenfield,GNF,Norwood Junction,NWD,Shirehampton,SHH
Armadale (West Lothian),ARM,Greenford,GFD,Nottingham,NOT,Shireoaks,SRO
Armathwaite,AWT,Greenhithe,GNH,Nuneaton,NUN,Shirley,SRL
Arnside,ARN,Greenock Central,GKC,Nunhead,NHD,Shoeburyness,SRY
Arram,ARR,Greenock West,GKW,Nunthorpe,NNT,Sholing,SHO
Arrochar & Tarbet,ART,Greenwich,GNW,Nutbourne,NUT,Shoreditch High Street,SDC
Arundel,ARU,Gretna Green,GEA,Nutfield,NUF,Shoreham (Kent),SEH
Ascot (Berks),ACT,Grimsby Docks,GMD,Oakengates,OKN,Shoreham-by-Sea,SSE
Ascott-under-Wychwood,AUW,Grimsby Town,GMB,Oakham,OKM,Shortlands,SRT
Ash,ASH,Grindleford,GRN,Oakleigh Park,OKL,Shotton,SHT
Ash Vale,AHV,Grosmont,GMT,Oban,OBN,Shotts,SHS
Ashburys,ABY,Grove Park,GRP,Ockendon,OCK,Shrewsbury,SHR
Ashchurch for Tewkesbury,ASC,Guide Bridge,GUI,Ockley,OLY,Sidcup,SID
Ashfield,ASF,Guildford,GLD,Okehampton,OKE,Sileby,SIL
Ashford (Surrey),AFS,Guiseley,GSY,Okehampton,OKE,Silecroft,SIC
Ashford International,AFK,Gunnersbury,GUN,Old Hill,OHL,Silkstone Common,SLK
Ashford International (Eurostar),ASI,Gunnislake,GSL,Old Roan,ORN,Silver Street,SLV
Ashley,ASY,Gunton,GNT,Old Street,OLD,Silverdale,SVR
Ashtead,AHD,Gwersyllt,GWE,Oldfield Park,OLF,Singer,SIN
Ashton-under-Lyne,AHN,Gypsy Lane,GYP,Olton,OLT,Sittingbourne,SIT
Ashurst (Kent),AHS,Habrough,HAB,Ore,ORE,Skegness,SKG
Ashurst New Forest,ANF,Hackbridge,HCB,Ormskirk,OMS,Skewen,SKE
Ashwell & Morden,AWM,Hackney Central,HKC,Orpington,ORP,Skipton,SKI
Askam,ASK,Hackney Downs,HAC,Orrell,ORR,Slade Green,SGR
Aslockton,ALK,Hackney Wick,HKW,Orrell Park,OPK,Slaithwaite,SWT
Aspatria,ASP,Haddenham & Thame Parkway,HDM,Otford,OTF,Slateford,SLA
Aspley Guise,APG,Haddiscoe,HAD,Oulton Broad North,OUN,Sleaford,SLR
Aston,AST,Hadfield,HDF,Oulton Broad South,OUS,Sleights,SLH
Atherstone,ATH,Hadley Wood,HDW,Outwood,OUT,Slough,SLO
Atherton,ATN,Hag Fold,HGF,Overpool,OVE,Small Heath,SMA
Attadale,ATT,Haggerston,HGG,Overton,OVR,Smallbrook Junction,SAB
Attenborough,ATB,Hagley,HAG,Oxenholme Lake District,OXN,Smethwick Galton Bridge,SGB
Attleborough,ATL,Hairmyres,HMY,Oxford,OXF,Smethwick Rolfe Street,SMR
Auchinleck,AUK,Hale (Manchester),HAL,Oxford Parkway,OXP,Smithy Bridge,SMB
Audley End,AUD,Halesworth,HAS,Oxshott,OXS,Snaith,SNI
Aughton Park,AUG,Halewood,HED,Oxted,OXT,Snodland,SDA
Aviemore,AVM,Halifax,HFX,Paddock Wood,PDW,Snowdown,SWO
Avoncliff,AVF,Hall Green,HLG,Padgate,PDG,Sole Street,SOR
Avonmouth,AVN,Hall Road,HLR,Paignton,PGN,Solihull,SOL
Axminster,AXM,Halling,HAI,Paisley Canal,PCN,Somerleyton,SYT
Aylesbury,AYS,Hall-i'-th'-Wood,HID,Paisley Gilmour Street,PYG,South Acton,SAT
Aylesbury Vale Parkway,AVP,Haltwhistle,HWH,Paisley St James,PYJ,South Bank,SBK
Aylesford,AYL,Ham Street,HMT,Palmers Green,PAL,South Bermondsey,SBM
Aylesham,AYH,Hamble,HME,Pangbourne,PAN,South Croydon,SCY
Ayr,AYR,Hamilton Central,HNC,Pannal,PNL,South Elmsall,SES
Bache,BAC,Hamilton West,HNW,Pantyffynnon,PTF,South Greenford,SGN
Baglan,BAJ,Hammerton,HMM,Par,PAR,South Gyle,SGL
Bagshot,BAG,Hampden Park (Sussex),HMD,Parbold,PBL,South Hampstead,SOH
Baildon,BLD,Hampstead Heath,HDH,Park Street,PKT,South Kenton,SOK
Baillieston,BIO,Hampton (London),HMP,Parkstone (Dorset),PKS,South Merton,SMO
Balcombe,BAB,Hampton Court,HMC,Parson Street,PSN,South Milford,SOM
Baldock,BDK,Hampton Wick,HMW,Partick,PTK,South Ruislip,SRU
Balham,BAL,Hampton-in-Arden,HIA,Parton,PRN,South Tottenham,STO
Balloch,BHC,Hamstead (Birmingham),HSD,Patchway,PWY,South Wigston,SWS
Balmossie,BSI,Hamworthy,HAM,Patricroft,PAT,South Woodham Ferrers,SOF
Bamber Bridge,BMB,Hanborough,HND,Patterton,PTT,Southall,STL
Bamford,BAM,Handforth,HTH,Peartree,PEA,Southampton Airport Parkway,SOA
Banavie,BNV,Hanwell,HAN,Peckham Rye,PMR,Southampton Central,SOU
Banbury,BAN,Hapton,HPN,Pegswood,PEG,Southbourne,SOB
Bangor (Gwynedd),BNG,Harlech,HRL,Pemberton,PEM,Southbury,SBU
Bank Hall,BAH,Harlesden,HDN,Pembrey & Burry Port,PBY,Southease,SEE
Banstead,BAD,Harling Road,HRD,Pembroke,PMB,Southend Airport,SIA
Barassie,BSS,Harlington (Beds),HLN,Pembroke Dock,PMD,Southend Central,SOC
Barbican,ZBB,Harlow Mill,HWM,Penally,PNA,Southend East,SOE
Bardon Mill,BLL,Harlow Town,HWN,Penarth,PEN,Southend Victoria,SOV
Bare Lane,BAR,Harold Wood,HRO,Pencoed,PCD,Southminster,SMN
Bargeddie,BGI,Harpenden,HPD,Pengam,PGM,Southport,SOP
Bargoed,BGD,Harrietsham,HRM,Penge East,PNE,Southwick,SWK
Barking,BKG,Harringay,HGY,Penge West,PNW,Sowerby Bridge,SOW
Barlaston,BRT,Harringay Green Lanes,HRY,Penhelig,PHG,Spalding,SPA
Barming,BMG,Harrington,HRR,Penistone,PNS,Spean Bridge,SBR
Barmouth,BRM,Harrogate,HGT,Penkridge,PKG,Spital,SPI
Barnehurst,BNH,Harrow & Wealdstone,HRW,Penmaenmawr,PMW,Spondon,SPO
Barnes,BNS,Harrow-on-the-Hill,HOH,Penmere,PNM,Spooner Row,SPN
Barnes Bridge,BNI,Hartford (Cheshire),HTF,Penrhiwceiber,PER,Spring Road,SRI
Barnetby,BTB,Hartlebury,HBY,Penrhyndeudraeth,PRH,Springburn,SPR
Barnham,BAA,Hartlepool,HPL,Penrith (North Lakes),PNR,Springfield,SPF
Barnhill,BNL,Hartwood,HTW,Penryn (Cornwall),PYN,Squires Gate,SQU
Barnsley,BNY,Harwich International,HPQ,Pensarn (Gwynedd),PES,St Albans Abbey,SAA
Barnstaple,BNP,Harwich Town,HWC,Penshurst,PHR,St Albans City,SAC
Barnt Green,BTG,Haslemere,HSL,Pentre-Bach,PTB,St Andrews Road,SAR
Barrhead,BRR,Hassocks,HSK,Pen-y-Bont,PNY,St Annes-on-Sea,SAS
Barrhill,BRL,Hastings,HGS,Penychain,PNC,St Austell,SAU
Barrow Haven,BAV,Hatch End,HTE,Penyffordd,PNF,St Bees,SBS
Barrow-in-Furness,BIF,Hatfield & Stainforth,HFS,Penzance,PNZ,St Budeaux Ferry Road,SBF
Barrow-Upon-Soar,BWS,Hatfield (Herts),HAT,Perranwell,PRW,St Budeaux Victoria Road,SBV
Barry,BRY,Hatfield Peverel,HAP,Perry Barr,PRY,St Columb Road,SCR
Barry Docks,BYD,Hathersage,HSG,Pershore,PSH,St Denys,SDN
Barry Island,BYI,Hattersley,HTY,Perth,PTH,St Erth,SER
Barry Links,BYL,Hatton,HTN,Peterborough,PBO,St Germans,SGM
Barton-on-Humber,BAU,Havant,HAV,Petersfield,PTR,St Helens Central,SNH
Basildon,BSO,Havenhouse,HVN,Petts Wood,PET,St Helens Junction,SHJ
Basingstoke,BSK,Haverfordwest,HVF,Pevensey & Westham,PEV,St Helier (Surrey),SIH
Bat & Ball,BBL,Hawarden,HWD,Pevensey Bay,PEB,St Ives (Cornwall),SIV
Bath Spa,BTH,Hawarden Bridge,HWB,Pewsey,PEW,St James Park (Exeter),SJP
Bathgate,BHG,Hawkhead,HKH,Pilning,PIL,St James Street (Walthamstow),SJS
Batley,BTL,Haydon Bridge,HDB,Pinhoe,PIN,St Johns (London),SAJ
Battersby,BTT,Haydons Road,HYR,Pitlochry,PIT,St Keyne Wishing Well Halt,SKN
Battersea Park,BAK,Hayes & Harlington,HAY,Pitsea,PSE,St Leonards Warrior Square,SLQ
Battle,BAT,Hayes (Kent),HYS,Pleasington,PLS,St Margarets (Herts),SMT
Battlesbridge,BLB,Hayle,HYL,Plockton,PLK,St Margarets (London),SMG
Bayford,BAY,Haymarket,HYM,Pluckley,PLC,St Mary Cray,SMY
Beaconsfield,BCF,Haywards Heath,HHE,Plumley,PLM,St Michaels,STM
Bearley,BER,Hazel Grove,HAZ,Plumpton,PMP,St Neots,SNO
Bearsden,BRN,Headcorn,HCN,Plumstead,PLU,Stafford,STA
Bearsted,BSD,Headingley,HDY,Plymouth,PLY,Staines,SNS
Beasdale,BSL,Headstone Lane,HDL,Pokesdown,POK,Stallingborough,SLL
Beaulieu Road,BEU,Heald Green,HDG,Polegate,PLG,Stalybridge,SYB
Beauly,BEL,Healing,HLI,Polesworth,PSW,Stamford (Lincs),SMD
Bebington,BEB,Heath High Level,HHL,Pollokshaws East,PWE,Stamford Hill,SMH
Beccles,BCC,Heath Low Level,HLL,Pollokshaws West,PWW,Stanford-le-Hope,SFO
Beckenham Hill,BEC,Heathrow Airport Terminal 4,HAF,Pollokshields East,PLE,Stanlow & Thornton,SNT
Beckenham Junction,BKJ,Heathrow Airport Terminal 5,HWV,Pollokshields West,PLW,Stansted Airport,SSD
Bedford,BDM,"Heathrow Airport Terminals 1, 2 and 3",HXX,Polmont,PMT,Stansted Mountfitchet,SST
Bedford St Johns,BSJ,Heaton Chapel,HTC,Polsloe Bridge,POL,Staplehurst,SPU
Bedhampton,BDH,Hebden Bridge,HBD,Ponders End,PON,Stapleton Road,SRD
Bedminster,BMT,Heckington,HEC,Pontarddulais,PTD,Starbeck,SBE
Bedworth,BEH,Hedge End,HDE,Pontefract Baghill,PFR,Starcross,SCS
Bedwyn,BDW,Hednesford,HNF,Pontefract Monkhill,PFM,Staveley (Cumbria),SVL
Beeston,BEE,Heighington,HEI,Pontefract Tanshelf,POT,Stechford,SCF
Bekesbourne,BKS,Helensburgh Central,HLC,Pontlottyn,PLT,Steeton & Silsden,SON
Belle Vue,BLV,Helensburgh Upper,HLU,Pontyclun,PYC,Stepps,SPS
Bellgrove,BLG,Hellifield,HLD,Pont-y-Pant,PYP,Stevenage,SVG
Bellingham,BGM,Helmsdale,HMS,Pontypool & New Inn,PPL,Stevenston,STV
Bellshill,BLH,Helsby,HSB,Pontypridd,PPD,Stewartby,SWR
Belmont,BLM,Hemel Hempstead,HML,Poole,POO,Stewarton,STT
Belper,BLP,Hendon,HEN,Poppleton,POP,Stirling,STG
Beltring,BEG,Hengoed,HNG,Port Glasgow,PTG,Stockport,SPT
Belvedere,BVD,Henley-in-Arden,HNL,Port Sunlight,PSL,Stocksfield,SKS
Bempton,BEM,Henley-on-Thames,HOT,Port Talbot Parkway,PTA,Stocksmoor,SSM
Ben Rhydding,BEY,Hensall,HEL,Portchester,PTC,Stockton,STK
Benfleet,BEF,Hereford,HFD,Porth,POR,Stoke Mandeville,SKM
Bentham,BEN,Herne Bay,HNB,Porthmadog,PTM,Stoke Newington,SKW
Bentley (Hants),BTY,Herne Hill,HNH,Portlethen,PLN,Stoke-on-Trent,SOT
Bentley (South Yorks),BYK,Hersham,HER,Portslade,PLD,Stone (Staffs),SNE
Bere Alston,BAS,Hertford East,HFE,Portsmouth & Southsea,PMS,Stone Crossing,SCG
Bere Ferrers,BFE,Hertford North,HFN,Portsmouth Arms,PMA,Stonebridge Park,SBP
Berkhamsted,BKM,Hessle,HES,Portsmouth Harbour,PMH,Stonegate,SOG
Berkswell,BKW,Heswall,HSW,Possilpark & Parkhouse,PPK,Stonehaven,STN
Bermuda Park,BEP,Hever,HEV,Potters Bar,PBR,Stonehouse,SHU
Berney Arms,BYA,Heworth,HEW,Poulton-le-Fylde,PFY,Stoneleigh,SNL
Berry Brow,BBW,Hexham,HEX,Poynton,PYT,Stourbridge Junction,SBJ
Berrylands,BRS,Heyford,HYD,Prees,PRS,Stourbridge Town,SBT
Berwick (Sussex),BRK,Heysham Port,HHB,Prescot,PSC,Stow,SOI
Berwick-upon-Tweed,BWK,High Brooms,HIB,Prestatyn,PRT,Stowmarket,SMK
Bescar Lane,BES,High Street (Glasgow),HST,Prestbury,PRB,Stranraer,STR
Bescot Stadium,BSC,High Street Kensington Underground,ZHS,Preston (Lancs),PRE,Stratford (London),SRA
Betchworth,BTO,High Wycombe,HWY,Preston Park,PRP,Stratford International,SFA
Bethnal Green,BET,Higham (Kent),HGM,Prestonpans,PST,Stratford-upon-Avon,SAV
Betws-y-Coed,BYC,Highams Park,HIP,Prestwick International Airport,PRA,Stratford-upon-Avon Parkway,STY
Beverley,BEV,Highbridge & Burnham,HIG,Prestwick Town,PTW,Strathcarron,STC
Bexhill,BEX,Highbury & Islington,HHY,Priesthill & Darnley,PTL,Strawberry Hill,STW
Bexley,BXY,Hightown,HTO,Princes Risborough,PRR,Streatham (Greater London),STE
Bexleyheath,BXH,Hildenborough,HLB,Prittlewell,PRL,Streatham Common,SRC
Bicester North,BCS,Hillfoot,HLF,Prudhoe,PRU,Streatham Hill,SRH
Bicester Village,BIT,Hillington East,HLE,Pulborough,PUL,Streethouse,SHC
Bickley,BKL,Hillington West,HLW,Purfleet,PFL,Strines,SRN
Bidston,BID,Hillside,HIL,Purley,PUR,Stromeferry,STF
Biggleswade,BIW,Hilsea,HLS,Purley Oaks,PUO,Strood (Kent),SOO
Bilbrook,BBK,Hinchley Wood,HYW,Putney,PUT,Stroud (Gloucs),STD
Billericay,BIC,Hinckley (Leics),HNK,Pwllheli,PWL,Sturry,STU
Billingham (Cleveland),BIL,Hindley,HIN,Pye Corner,PYE,Styal,SYA
Billingshurst,BIG,Hinton Admiral,HNA,Pyle,PYL,Sudbury & Harrow Road,SUD
Bingham,BIN,Hitchin,HIT,Quakers Yard,QYD,Sudbury (Suffolk),SUY
Bingley,BIY,Hither Green,HGR,Queenborough,QBR,Sudbury Hill Harrow,SDH
Birchgrove,BCG,Hockley,HOC,Queens Park (Glasgow),QPK,Sugar Loaf,SUG
Birchington-on-sea,BCH,Hollingbourne,HBN,Queens Park (London),QPW,Summerston,SUM
Birchwood,BWD,Holmes Chapel,HCH,Queens Road (Peckham),QRP,Sunbury,SUU
Birkbeck,BIK,Holmwood,HLM,Queenstown Road (Battersea),QRB,Sunderland,SUN
Birkdale,BDL,Holton Heath,HOL,Quintrell Downs,QUI,Sundridge Park,SUP
Birkenhead Central,BKC,Holyhead,HHD,Radcliffe-on-Trent,RDF,Sunningdale,SNG
Birkenhead Hamilton Square,BKQ,Holytown,HLY,Radlett,RDT,Sunnymeads,SNY
Birkenhead North,BKN,Homerton,HMN,Radley,RAD,Surbiton,SUR
Birkenhead Park,BKP,Honeybourne,HYB,Radyr,RDR,Surrey Quays,SQE
Birmingham International,BHI,Honiton,HON,Rainford,RNF,Sutton (Surrey),SUO
Birmingham Moor Street,BMO,Honley,HOY,Rainham (Essex),RNM,Sutton Coldfield,SUT
Birmingham New Street,BHM,Honor Oak Park,HPA,Rainham (Kent),RAI,Sutton Common,SUC
Birmingham Snow Hill,BSW,Hook,HOK,Rainhill,RNH,Sutton Parkway,SPK
Bishop Auckland,BIA,Hooton,HOO,Ramsgate,RAM,Swale,SWL
Bishopbriggs,BBG,Hope (Derbyshire),HOP,Ramsgreave & Wilpshire,RGW,Swanley,SAY
Bishops Stortford,BIS,Hope (Flintshire),HPE,Rannoch,RAN,Swanscombe,SWM
Bishopstone (Sussex),BIP,Hopton Heath,HPT,Rauceby,RAU,Swansea,SWA
Bishopton (Strathclyde),BPT,Horden,HRE,Ravenglass for Eskdale,RAV,Swanwick,SNW
Bitterne,BTE,Horley,HOR,Ravensbourne,RVB,Sway,SWY
Blackburn,BBN,Hornbeam Park,HBP,Ravensthorpe,RVN,Swaythling,SWG
Blackheath,BKH,Hornsey,HRN,Rawcliffe,RWC,Swinderby,SWD
Blackhorse Road,BHO,Horsforth,HRS,Rayleigh,RLG,Swindon (Wilts),SWI
Blackpool North,BPN,Horsham,HRH,Raynes Park,RAY,Swineshead,SWE
Blackpool Pleasure Beach,BPB,Horsley,HSY,Reading,RDG,Swinton (Manchester),SNN
Blackpool South,BPS,Horton-in-Ribblesdale,HIR,Reading West,RDW,Swinton (South Yorks),SWN
Blackridge,BKR,Horwich Parkway,HWI,Rectory Road,REC,Sydenham (London),SYD
Blackrod,BLK,Hoscar,HSC,Redbridge,RDB,Sydenham Hill,SYH
Blackwater,BAW,Hough Green,HGN,Redcar British Steel,RBS,Syon Lane,SYL
Blaenau Ffestiniog,BFF,Hounslow,HOU,Redcar Central,RCC,Syston,SYS
Blair Atholl,BLA,Hove,HOV,Redcar East,RCE,Tackley,TAC
Blairhill,BAI,Hoveton & Wroxham,HXM,Reddish North,RDN,Tadworth,TAD
Blake Street,BKT,How Wood (Herts),HWW,Reddish South,RDS,Taffs Well,TAF
Blakedown,BKD,Howden,HOW,Redditch,RDC,Tain,TAI
Blantyre,BLT,Howwood (Renfrewshire),HOZ,Redhill,RDH,Talsarnau,TAL
Blaydon,BLO,Hoxton,HOX,Redland,RDA,Talybont,TLB
Bleasby,BSB,Hoylake,HYK,Redruth,RED,Tal-y-Cafn,TLC
Bletchley,BLY,Hubberts Bridge,HBB,Reedham (Norfolk),REE,Tame Bridge Parkway,TAB
Bloxwich,BLX,Hucknall,HKN,Reedham (Surrey),RHM,Tamworth,TAM
Bloxwich North,BWN,Huddersfield,HUD,Reigate,REI,Taplow,TAP
Blundellsands & Crosby,BLN,Hull,HUL,Renton,RTN,Tattenham Corner,TAT
Blythe Bridge,BYB,Humphrey Park,HUP,Retford,RET,Taunton,TAU
Bodmin Parkway,BOD,Huncoat,HCT,Rhiwbina,RHI,Taynuilt,TAY
Bodorgan,BOR,Hungerford,HGD,Rhoose Cardiff International Airport,RIA,Teddington,TED
Bognor Regis,BOG,Hunmanby,HUB,Rhosneigr,RHO,Tees-side Airport,TEA
Bogston,BGS,Huntingdon,HUN,Rhyl,RHL,Teignmouth,TGM
Bolton,BON,Huntly,HNT,Rhymney,RHY,Telford Central,TFC
Bolton-Upon-Dearne,BTD,Hunts Cross,HNX,Ribblehead,RHD,Templecombe,TMC
Bookham,BKA,Hurst Green,HUR,Rice Lane,RIL,Tenby,TEN
Bootle (Cumbria),BOC,Hutton Cranswick,HUT,Richmond (London),RMD,Teynham,TEY
Bootle New Strand,BNW,Huyton,HUY,Rickmansworth,RIC,Thames Ditton,THD
Bootle Oriel Road,BOT,Hyde Central,HYC,Riddlesdown,RDD,Thatcham,THA
Bordesley,BBS,Hyde North,HYT,Ridgmont,RID,Thatto Heath,THH
Borough Green & Wrotham,BRG,Hykeham,HKM,Riding Mill,RDM,The Hawthorns,THW
Borth,BRH,Hyndland,HYN,Risca & Pontymister,RCA,The Lakes (Warks),TLK
Bosham,BOH,Hythe (Essex),HYH,Rishton,RIS,Theale,THE
Boston,BSN,IBM Halt,IBM,Robertsbridge,RBR,Theobalds Grove,TEO
Botley,BOE,Ifield,IFI,Robroyston,RRN,Thetford,TTF
Bottesford,BTF,Ilford,IFD,Roby,ROB,Thirsk,THI
Bourne End,BNE,Ilkeston,ILN,Rochdale,RCD,Thornaby,TBY
Bournemouth,BMH,Ilkley,ILK,Roche,ROC,Thorne North,TNN
Bournville,BRV,Imperial Wharf,IMW,Rochester,RTR,Thorne South,TNS
Bow Brickhill,BWB,Ince & Elton,INE,Rochford,RFD,Thornford,THO
Bowes Park,BOP,Ince (Manchester),INC,Rock Ferry,RFY,Thornliebank,THB
Bowling,BWG,Ingatestone,INT,Rogart,ROG,Thornton Abbey,TNA
Box Hill & Westhumble,BXW,Insch,INS,Rogerstone,ROR,Thornton Heath,TTH
Bracknell,BCE,Invergordon,IGD,Rolleston,ROL,Thorntonhall,THT
Bradford Forster Square,BDQ,Invergowrie,ING,Roman Bridge,RMB,Thorpe Bay,TPB
Bradford Interchange,BDI,Inverkeithing,INK,Romford,RMF,Thorpe Culvert,TPC
Bradford-on-Avon,BOA,Inverkip,INP,Romiley,RML,Thorpe-le-Soken,TLS
Brading,BDN,Inverness,INV,Romsey,ROM,Three Bridges,TBD
Braintree,BTR,Invershin,INH,Roose,ROO,Three Oaks,TOK
Braintree Freeport,BTP,Inverurie,INR,Rose Grove,RSG,Thurgarton,THU
Bramhall,BML,Ipswich,IPS,Rose Hill Marple,RSH,Thurnscoe,THC
Bramley (Hants),BMY,Irlam,IRL,Rosyth,ROS,Thurso,THS
Bramley (W Yorks),BLE,Irvine,IRV,Rotherham Central,RMC,Thurston,TRS
Brampton (Cumbria),BMP,Isleworth,ISL,Rotherhithe,ROE,Tilbury Town,TIL
Brampton (Suffolk),BRP,Islip,ISP,Roughton Road,RNR,Tile Hill,THL
Branchton,BCN,Iver,IVR,Rowlands Castle,RLN,Tilehurst,TLH
Brandon,BND,Ivybridge,IVY,Rowley Regis,ROW,Tipton,TIP
Branksome,BSM,James Cook,JCH,Roy Bridge,RYB,Tir-Phil,TIR
Braystones (Cumbria),BYS,Jewellery Quarter,JEQ,Roydon,RYN,Tisbury,TIS
Bredbury,BDY,Johnston (Pembs),JOH,Royston,RYS,Tiverton Parkway,TVP
Breich,BRC,Johnstone (Strathclyde),JHN,Ruabon,RUA,Todmorden,TOD
Brentford,BFD,Jordanhill,JOR,Rufford,RUF,Tolworth,TOL
Brentwood,BRE,Kearsley (Manchester),KSL,Rugby,RUG,Ton Pentre,TPN
Bricket Wood,BWO,Kearsney (Kent),KSN,Rugeley Town,RGT,Tonbridge,TON
Bridge of Allan,BEA,Keighley,KEI,Rugeley Trent Valley,RGL,Tondu,TDU
Bridge of Orchy,BRO,Keith,KEH,Runcorn,RUN,Tonfanau,TNF
Bridgend,BGN,Kelvedon,KEL,Runcorn East,RUE,Tonypandy,TNP
Bridgeton,BDG,Kelvindale,KVD,Ruskington,RKT,Tooting,TOO
Bridgwater,BWT,Kemble,KEM,Ruswarp,RUS,Topsham,TOP
Bridlington,BDT,Kempston Hardwick,KMH,Rutherglen,RUT,Torquay,TQY
Brierfield,BRF,Kempton Park Racecourse,KMP,Ryde Esplanade,RYD,Torre,TRR
Brigg,BGG,Kemsing,KMS,Ryde Pier Head,RYP,Totnes,TOT
Brighouse,BGH,Kemsley,KML,Ryde St Johns Road,RYR,Tottenham Hale,TOM
Brighton (East Sussex),BTN,Kendal,KEN,Ryder Brow,RRB,Totton,TTN
Brimsdown,BMD,Kenilworth,KNW,Rye (Sussex),RYE,Town Green,TWN
Brinnington,BNT,Kenley,KLY,Rye House,RYH,Trafford Park,TRA
Bristol Parkway,BPW,Kennett,KNE,,,Trefforest,TRF
Bristol Temple Meads,BRI,Kennishead,KNS,,,Trefforest Estate,TRE
Brithdir,BHD,Kensal Green,KNL,,,Trehafod,TRH
Briton Ferry,BNF,Kensal Rise,KNR,,,Treherbert,TRB
Brixton,BRX,Kensington Olympia,KPA,,,Treorchy,TRY
Broad Green,BGE,Kent House,KTH,,,Trimley,TRM
Broadbottom,BDB,Kentish Town,KTN,,,Tring,TRI
Broadstairs,BSR,Kentish Town West,KTW,,,Troed-y-rhiw,TRD
Brockenhurst,BCU,Kenton,KNT,,,Troon,TRN
Brockholes,BHS,Kents Bank,KBK,,,Trowbridge,TRO
Brockley,BCY,Kettering,KET,,,Truro,TRU
Bromborough,BOM,Kew Bridge,KWB,,,Tulloch,TUL
Bromborough Rake,BMR,Kew Gardens,KWG,,,Tulse Hill,TUH
Bromley Cross (Lancs),BMC,Keyham,KEY,,,Tunbridge Wells,TBW
Bromley North,BMN,Keynsham,KYN,,,Turkey Street,TUR
Bromley South,BMS,Kidbrooke,KDB,,,Tutbury & Hatton,TUT
Bromsgrove,BMV,Kidderminster,KID,,,Tweedbank,TWB
Brondesbury,BSY,Kidsgrove,KDG,,,Twickenham,TWI
Brondesbury Park,BSP,Kidwelly,KWL,,,Twyford,TWY
Brookmans Park,BPK,Kilburn High Road,KBN,,,Ty Croes,TYC
Brookwood,BKO,Kildale,KLD,,,Ty Glas,TGS
Broome,BME,Kildonan,KIL,,,Tygwyn,TYG
Broomfleet,BMF,Kilgetty,KGT,,,Tyndrum Lower,TYL
Brora,BRA,Kilmarnock,KMK,,,Tyseley,TYS
Brough,BUH,Kilmaurs,KLM,,,Tywyn,TYW
Broughty Ferry,BYF,Kilpatrick,KPT,,,Uckfield,UCK
Broxbourne,BXB,Kilwinning,KWN,,,Uddingston,UDD
Bruce Grove,BCV,Kinbrace,KBC,,,Ulceby,ULC
Brundall,BDA,Kingham,KGM,,,Ulleskelf,ULL
Brundall Gardens,BGA,Kinghorn,KGH,,,Ulverston,ULV
Brunstane,BSU,Kings Langley,KGL,,,Umberleigh,UMB
Brunswick,BRW,Kings Lynn,KLN,,,University (Birmingham),UNI
Bruton,BRU,Kings Norton,KNN,,,Uphall,UHA
Bryn,BYN,Kings Nympton,KGN,,,Upholland,UPL
Buckenham (Norfolk),BUC,Kings Park,KGP,,,Upminster,UPM
Buckley,BCK,Kings Sutton,KGS,,,Upper Halliford,UPH
Bucknell,BUK,Kingsknowe,KGE,,,Upper Holloway,UHL
Buckshaw Parkway,BSV,Kingston,KNG,,,Upper Tyndrum,UTY
Bugle,BGL,Kingswood,KND,,,Upper Warlingham,UWL
Builth Road,BHR,Kingussie,KIN,,,Upton (Merseyside),UPT
Bulwell,BLW,Kintbury,KIT,,,Upwey,UPW
Bures,BUE,Kirby Cross,KBX,,,Urmston,URM
Burgess Hill,BUG,Kirk Sandall,KKS,,,Uttoxeter,UTT
Burley Park,BUY,Kirkby (Merseyside),KIR,,,Valley,VAL
Burley-in-Wharfedale,BUW,Kirkby Stephen,KSW,,,Vauxhall,VXH
Burnage,BNA,Kirkby-in-Ashfield,KKB,,,Virginia Water,VIR
Burneside (Cumbria),BUD,Kirkby-in-Furness,KBF,,,Waddon,WDO
Burnham (Bucks),BNM,Kirkcaldy,KDY,,,Wadhurst,WAD
Burnham-on-Crouch,BUU,Kirkconnel,KRK,,,Wainfleet,WFL
Burnley Barracks,BUB,Kirkdale,KKD,,,Wakefield Kirkgate,WKK
Burnley Central,BNC,Kirkham & Wesham,KKM,,,Wakefield Westgate,WKF
Burnley Manchester Road,BYM,Kirkhill,KKH,,,Walkden,WKD
Burnside (Strathclyde),BUI,Kirknewton,KKN,,,Wallasey Grove Road,WLG
Burntisland,BTS,Kirkstall Forge,KLF,,,Wallasey Village,WLV
Burscough Bridge,BCB,Kirkwood,KWD,,,Wallington,WLT
Burscough Junction,BCJ,Kirton Lindsey,KTL,,,Wallyford,WAF
Bursledon,BUO,Kiveton Bridge,KIV,,,Walmer,WAM
Burton Joyce,BUJ,Kiveton Park,KVP,,,Walsall,WSL
Burton-on-Trent,BUT,Knaresborough,KNA,,,Walsden,WDN
Bury St Edmunds,BSE,Knebworth,KBW,,,Waltham Cross,WLC
Busby,BUS,Knighton,KNI,,,Walthamstow Central,WHC
Bush Hill Park,BHK,Knockholt,KCK,,,Walthamstow Queen's Road,WMW
Bushey,BSH,Knottingley,KNO,,,Walton (Merseyside),WAO
Butlers Lane,BUL,Knucklas,KNU,,,Walton-on-Thames,WAL
Buxted,BXD,Knutsford,KNF,,,Walton-on-the-Naze,WON
Buxton,BUX,Kyle of Lochalsh,KYL,,,Wanborough,WAN
Byfleet & New Haw,BFN,Ladybank,LDY,,,Wandsworth Common,WSW
Bynea,BYE,Ladywell,LAD,,,Wandsworth Road,WWR
Cadoxton,CAD,Laindon,LAI,,,Wandsworth Town,WNT
Caergwrle,CGW,Lairg,LRG,,,Wanstead Park,WNP
Caerphilly,CPH,Lake,LKE,,,Wapping,WPE
Caersws,CWS,Lakenheath,LAK,,,Warblington,WBL
Caldercruix,CAC,Lamphey,LAM,,,Ware (Herts),WAR
Caldicot,CDT,Lanark,LNK,,,Wareham (Dorset),WRM
Caledonian Rd & Barnsbury,CIR,Lancaster,LAN,,,Wargrave,WGV
Calstock,CSK,Lancing,LAC,,,Warminster,WMN
Cam & Dursley,CDU,Landywood,LAW,,,Warnham,WNH
Camberley,CAM,Langbank,LGB,,,Warrington Bank Quay,WBQ
Camborne,CBN,Langho,LHO,,,Warrington Central,WAC
Cambridge,CBG,Langley (Berks),LNY,,,Warrington West,WAW
Cambridge Heath,CBH,Langley Green,LGG,,,Warwick,WRW
Cambridge North,CMB,Langley Mill,LGM,,,Warwick Parkway,WRP
Cambuslang,CBL,Langside,LGS,,,Water Orton,WTO
Camden Road,CMD,Langwathby,LGW,,,Waterbeach,WBC
Camelon,CMO,Langwith-Whaley Thorns,LAG,,,Wateringbury,WTR
Canada Water,ZCW,Lapford,LAP,,,Waterloo (Merseyside),WLO
Canley,CNL,Lapworth,LPW,,,Watford High Street,WFH
Cannock,CAO,Larbert,LBT,,,Watford Junction,WFJ
Canonbury,CNN,Largs,LAR,,,Watford North,WFN
Canterbury East,CBE,Larkhall,LRH,,,Watlington,WTG
Canterbury West,CBW,Laurencekirk,LAU,,,Watton-at-Stone,WAS
Cantley,CNY,Lawrence Hill,LWH,,,Waun-Gron Park,WNG
Capenhurst,CPU,Layton (Lancs),LAY,,,Wavertree Technology Park,WAV
Carbis Bay,CBB,Lazonby & Kirkoswald,LZB,,,Wedgwood,WED
Cardenden,CDD,Lea Bridge,LEB,,,Weeley,WEE
Cardiff Bay,CDB,Lea Green,LEG,,,Weeton,WET
Cardiff Central,CDF,Lea Hall,LEH,,,Welham Green,WMG
Cardiff Queen Street,CDQ,Leagrave,LEA,,,Welling,WLI
Cardonald,CDO,Lealholm,LHM,,,Wellingborough,WEL
Cardross,CDR,Leamington Spa,LMS,,,Wellington (Shropshire),WLN
Carfin,CRF,Leasowe,LSW,,,Welshpool,WLP
Cark & Cartmel,CAK,Leatherhead,LHD,,,Welwyn Garden City,WGC
Carlisle,CAR,Ledbury,LED,,,Welwyn North,WLW
Carlton,CTO,Lee (London),LEE,,,Wem,WEM
Carluke,CLU,Leeds,LDS,,,Wembley Central,WMB
Carmarthen,CMN,Leicester,LEI,,,Wembley Stadium,WCX
Carmyle,CML,Leigh (Kent),LIH,,,Wemyss Bay,WMS
Carnforth,CNF,Leigh-on-Sea,LES,,,Wendover,WND
Carnoustie,CAN,Leighton Buzzard,LBZ,,,Wennington,WNN
Carntyne,CAY,Lelant,LEL,,,West Allerton,WSA
Carpenders Park,CPK,Lelant Saltings,LTS,,,West Brompton,WBP
Carrbridge,CAG,Lenham,LEN,,,West Byfleet,WBY
Carshalton,CSH,Lenzie,LNZ,,,West Calder,WCL
Carshalton Beeches,CSB,Leominster,LEO,,,West Croydon,WCY
Carstairs,CRS,Letchworth Garden City,LET,,,West Drayton,WDT
Cartsdyke,CDY,Leuchars (for St. Andrews),LEU,,,West Dulwich,WDU
Castle Bar Park,CBP,Levenshulme,LVM,,,West Ealing,WEA
Castle Cary,CLC,Lewes,LWS,,,West Ham,WEH
Castleford,CFD,Lewisham,LEW,,,West Hampstead,WHD
Castleton (Manchester),CAS,Leyland,LEY,,,West Hampstead Thameslink,WHP
Castleton Moor,CSM,Leyton Midland Road,LEM,,,West Horndon,WHR
Caterham,CAT,Leytonstone High Road,LER,,,West Kilbride,WKB
Catford,CTF,Lichfield City,LIC,,,West Kirby,WKI
Catford Bridge,CFB,Lichfield Trent Valley,LTV,,,West Malling,WMA
Cathays,CYS,Lidlington,LID,,,West Norwood,WNW
Cathcart,CCT,Limehouse,LHS,,,West Ruislip,WRU
Cattal,CTL,Lincoln Central,LCN,,,West Runton,WRN
Causeland,CAU,Lingfield,LFD,,,West St Leonards,WLD
Cefn-y-Bedd,CYB,Lingwood,LGD,,,West Sutton,WSU
Chadwell Heath,CTH,Linlithgow,LIN,,,West Wickham,WWI
Chafford Hundred Lakeside,CFH,Liphook,LIP,,,West Worthing,WWO
Chalfont & Latimer,CFO,Liskeard,LSK,,,Westbury (Wilts),WSB
Chalkwell,CHW,Liss,LIS,,,Westcliff,WCF
Chandlers Ford,CFR,Lisvane & Thornhill,LVT,,,Westcombe Park,WCB
Chapel-en-le-Frith,CEF,Little Kimble,LTK,,,Westenhanger,WHA
Chapelton (Devon),CPN,Little Sutton,LTT,,,Wester Hailes,WTA
Chapeltown (South Yorks),CLN,Littleborough,LTL,,,Westerfield,WFI
Chappel & Wakes Colne,CWC,Littlehampton,LIT,,,Westerton,WES
Charing (Kent),CHG,Littlehaven,LVN,,,Westgate-on-Sea,WGA
Charing Cross (Glasgow),CHC,Littleport,LTP,,,Westhoughton,WHG
Charlbury,CBY,Liverpool Central,LVC,,,Weston Milton,WNM
Charlton,CTN,Liverpool James Street,LVJ,,,Weston-super-Mare,WSM
Chartham,CRT,Liverpool Lime Street,LIV,,,Wetheral,WRL
Chassen Road,CSR,Liverpool South Parkway,LPY,,,Weybridge,WYB
Chatelherault,CTE,Livingston North,LSN,,,Weymouth,WEY
Chatham,CTM,Livingston South,LVG,,,Whaley Bridge,WBR
Chathill,CHT,Llanaber,LLA,,,Whalley (Lancs),WHE
Cheadle Hulme,CHU,Llanbedr,LBR,,,Whatstandwell,WTS
Cheam,CHE,Llanbister Road,LLT,,,Whifflet,WFF
Cheddington,CED,Llanbradach,LNB,,,Whimple,WHM
Chelford (Cheshire),CEL,Llandaf,LLN,,,Whinhill,WNL
Chelmsford,CHM,Llandanwg,LDN,,,Whiston,WHN
Chelsfield,CLD,Llandecwyn,LLC,,,Whitby,WTB
Cheltenham Spa,CNM,Llandeilo,LLL,,,Whitchurch (Cardiff),WHT
Chepstow,CPW,Llandovery,LLV,,,Whitchurch (Hants),WCH
Cherry Tree,CYT,Llandrindod,LLO,,,Whitchurch (Shropshire),WTC
Chertsey,CHY,Llandudno,LLD,,,White Hart Lane,WHL
Cheshunt,CHN,Llandudno Junction,LLJ,,,White Notley,WNY
Chessington North,CSN,Llandybie,LLI,,,Whitechapel,ZLW
Chessington South,CSS,Llanelli,LLE,,,Whitecraigs,WCR
Chester,CTR,Llanfairfechan,LLF,,,Whitehaven,WTH
Chester Road,CRD,Llanfairpwll,LPG,,,Whitland,WTL
Chesterfield,CHD,Llangadog,LLG,,,Whitley Bridge,WBD
Chester-le-Street,CLS,Llangammarch,LLM,,,Whitlocks End,WTE
Chestfield & Swalecliffe,CSW,Llangennech,LLH,,,Whitstable,WHI
Chetnole,CNO,Llangynllo,LGO,,,Whittlesea,WLE
Chichester,CCH,Llanharan,LLR,,,Whittlesford Parkway,WLF
Chilham,CIL,Llanhilleth,LTH,,,Whitton (London),WTN
Chilworth,CHL,Llanishen,LLS,,,Whitwell (Derbyshire),WWL
Chingford,CHI,Llanrwst,LWR,,,Whyteleafe,WHY
Chinley,CLY,Llansamlet,LAS,,,Whyteleafe South,WHS
Chippenham,CPM,Llantwit Major,LWM,,,Wick,WCK
Chipstead,CHP,Llanwrda,LNR,,,Wickford,WIC
Chirk,CRK,Llanwrtyd,LNW,,,Wickham Market,WCM
Chislehurst,CIT,Llwyngwril,LLW,,,Widdrington,WDD
Chiswick,CHK,Llwynypia,LLY,,,Widnes,WID
Cholsey,CHO,Loch Awe,LHA,,,Widney Manor,WMR
Chorley,CRL,Loch Eil Outward Bound,LHE,,,Wigan North Western,WGN
Chorleywood,CLW,Lochailort,LCL,,,Wigan Wallgate,WGW
Christchurch,CHR,Locheilside,LCS,,,Wigton,WGT
Christs Hospital,CHH,Lochgelly,LCG,,,Wildmill,WMI
Church & Oswaldtwistle,CTW,Lochluichart,LCC,,,Willesden Junction,WIJ
Church Fenton,CHF,Lochwinnoch,LHW,,,Williamwood,WLM
Church Stretton,CTT,Lockerbie,LOC,,,Willington,WIL
Cilmeri,CIM,Lockwood,LCK,,,Wilmcote,WMC
City Thameslink,CTK,London Blackfriars,BFR,,,Wilmslow,WML
Clacton-on-Sea,CLT,London Bridge,LBG,,,Wilnecote (Staffs),WNE
Clandon,CLA,London Cannon Street,CST,,,Wimbledon,WIM
Clapham (North Yorkshire),CPY,London Charing Cross,CHX,,,Wimbledon Chase,WBO
Clapham High Street,CLP,London Euston,EUS,,,Winchelsea,WSE
Clapham Junction,CLJ,London Fenchurch Street,FST,,,Winchester,WIN
Clapton,CPT,London Fields,LOF,,,Winchfield,WNF
Clarbeston Road,CLR,London Kings Cross,KGX,,,Winchmore Hill,WIH
Clarkston,CKS,London Liverpool Street,LST,,,Windermere,WDM
Claverdon,CLV,London Marylebone,MYB,,,Windsor & Eton Central,WNC
Claygate,CLG,London Paddington,PAD,,,Windsor & Eton Riverside,WNR
Cleethorpes,CLE,London Road (Brighton),LRB,,,Winnersh,WNS
Cleland,CEA,London Road (Guildford),LRD,,,Winnersh Triangle,WTI
Clifton (Manchester),CLI,London St Pancras (Intl),SPX,,,Winsford,WSF
Clifton Down,CFN,London St Pancras International,STP,,,Wishaw,WSH
Clitheroe,CLH,London Victoria,VIC,,,Witham,WTM
Clock House,CLK,London Waterloo,WAT,,,Witley,WTY
Clunderwen,CUW,London Waterloo East,WAE,,,Witton (West Midlands),WTT
Clydebank,CYK,Long Buckby,LBK,,,Wivelsfield,WVF
Coatbridge Central,CBC,Long Eaton,LGE,,,Wivenhoe,WIV
Coatbridge Sunnyside,CBS,Long Preston,LPR,,,Woburn Sands,WOB
Coatdyke,COA,Longbeck,LGK,,,Woking,WOK
Cobham & Stoke d'Abernon,CSD,Longbridge,LOB,,,Wokingham,WKM
Codsall,CSL,Longcross,LNG,,,Woldingham,WOH
Cogan,CGN,Longfield,LGF,,,Wolverhampton,WVH
Colchester,COL,Longniddry,LND,,,Wolverton,WOL
Colchester Town,CET,Longport,LPT,,,Wombwell,WOM
Coleshill Parkway,CEH,Longton,LGN,,,Wood End,WDE
Collingham,CLM,Looe,LOO,,,Wood Street,WST
Collington,CLL,Lostock,LOT,,,Woodbridge,WDB
Colne,CNE,Lostock Gralam,LTG,,,Woodgrange Park,WGR
Colwall,CWL,Lostock Hall,LOH,,,Woodhall,WDL
Colwyn Bay,CWB,Lostwithiel,LOS,,,Woodhouse,WDH
Combe (Oxon),CME,Loughborough,LBO,,,Woodlesford,WDS
Commondale,COM,Loughborough Junction,LGJ,,,Woodley,WLY
Congleton,CNG,Low Moor,LMR,,,Woodmansterne,WME
Conisbrough,CNS,Lowdham,LOW,,,Woodsmoor,WSR
Connel Ferry,CON,Lower Sydenham,LSY,,,Wool,WOO
Conon Bridge,CBD,Lowestoft,LWT,,,Woolston,WLS
Cononley,CEY,Ludlow,LUD,,,Woolwich Arsenal,WWA
Conway Park,CNP,Luton,LUT,,,Woolwich Dockyard,WWD
Conwy,CNW,Luton Airport Parkway,LTN,,,Wootton Wawen,WWW
Cooden Beach,COB,Luxulyan,LUX,,,Worcester Foregate Street,WOF
Cookham,COO,Lydney,LYD,,,Worcester Park,WCP
Cooksbridge,CBR,Lye (West Midlands),LYE,,,Worcester Shrub Hill,WOS
Coombe Junction Halt,COE,Lymington Pier,LYP,,,Worcestershire Parkway,WOP
Copplestone,COP,Lymington Town,LYT,,,Workington,WKG
Corbridge,CRB,Lympstone Commando,LYC,,,Worksop,WRK
Corby,COR,Lympstone Village,LYM,,,Worle,WOR
Corfe Castle,CFC,Lytham,LTM,,,Worplesdon,WPL
Corkerhill,CKH,Macclesfield,MAC,,,Worstead,WRT
Corkickle,CKL,Machynlleth,MCN,,,Worthing,WRH
Corpach,CPA,Maesteg,MST,,,Wrabness,WRB
Corrour,CRR,Maesteg (Ewenny Road),MEW,,,Wraysbury,WRY
Coryton,COY,Maghull,MAG,,,Wrenbury,WRE
Coseley,CSY,Maghull North,MNS,,,Wressle,WRS
Cosford,COS,Maiden Newton,MDN,,,Wrexham Central,WXC
Cosham,CSA,Maidenhead,MAI,,,Wrexham General,WRX
Cottingham,CGM,Maidstone Barracks,MDB,,,Wye,WYE
Cottingley,COT,Maidstone East,MDE,,,Wylam,WYM
Coulsdon South,CDS,Maidstone West,MDW,,,Wylde Green,WYL
Coulsdon Town,CDN,Malden Manor,MAL,,,Wymondham,WMD
Coventry,COV,Mallaig,MLG,,,Wythall,WYT
Coventry Arena,CAA,Malton,MLT,,,Yalding,YAL
Cowden (Kent),CWN,Malvern Link,MVL,,,Yardley Wood,YRD
Cowdenbeath,COW,Manchester Airport,MIA,,,Yarm,YRM
Cradley Heath,CRA,Manchester Oxford Road,MCO,,,Yate,YAE
Craigendoran,CGD,Manchester Piccadilly,MAN,,,Yatton,YAT
Cramlington,CRM,Manchester United Football Ground,MUF,,,Yeoford,YEO
Cranbrook (Devon),CBK,Manchester Victoria,MCV,,,Yeovil Junction,YVJ
Craven Arms,CRV,Manea,MNE,,,Yeovil Pen Mill,YVP
Crawley,CRW,Manningtree,MNG,,,Yetminster,YET
Crayford,CRY,Manor Park,MNP,,,Ynyswen,YNW
Crediton,CDI,Manor Road,MNR,,,Yoker,YOK
Cressing (Essex),CES,Manorbier,MRB,,,York,YRK
Cressington,CSG,Manors,MAS,,,Yorton,YRT
Creswell,CWD,Mansfield,MFT,,,Ystrad Mynach,YSM
Crewe,CRE,Mansfield Woodhouse,MSW,,,Ystrad Rhondda,YSR
Crewkerne,CKN,March,MCH,,,,
Crews Hill,CWH,Marden (Kent),MRN,,,,
Crianlarich,CNR,Margate,MAR,,,,
Criccieth,CCC,Market Harborough,MHR,,,,
Cricklewood,CRI,Market Rasen,MKR,,,,
Croftfoot,CFF,Markinch,MNC,,,,
Crofton Park,CFT,Marks Tey,MKT,,,,
Cromer,CMR,Marlow,MLW,,,,
Cromford,CMF,Marple,MPL,,,,
Crookston,CKT,Marsden (Yorks),MSN,,,,
Cross Gates,CRG,Marske,MSK,,,,
Crossflatts,CFL,Marston Green,MGN,,,,
Crosshill,COI,Martin Mill,MTM,,,,
Crosskeys,CKY,Martins Heron,MAO,,,,
Crossmyloof,CMY,Marton,MTO,,,,
Croston,CSO,Maryhill,MYH,,,,
Crouch Hill,CRH,Maryland,MYL,,,,
Crowborough,COH,Maryport,MRY,,,,
Crowhurst,CWU,Matlock,MAT,,,,
Crowle,CWE,Matlock Bath,MTB,,,,
Crowthorne,CRN,Mauldeth Road,MAU,,,,
Croy,CRO,Maxwell Park,MAX,,,,
Crystal Palace,CYP,Maybole,MAY,,,,
Cuddington,CUD,Maze Hill,MZH,,,,
Cuffley,CUF,Meadowhall,MHS,,,,
Culham,CUM,Meldreth,MEL,,,,
Culrain,CUA,Melksham,MKM,,,,
Cumbernauld,CUB,Melton (Suffolk),MES,,,,
Cupar,CUP,Melton Mowbray,MMO,,,,
Curriehill,CUH,Menheniot,MEN,,,,
Cuxton,CUX,Menston,MNN,,,,
Cwmbach,CMH,Meols,MEO,,,,
Cwmbran,CWM,Meols Cop,MEC,,,,
Cynghordy,CYN,Meopham,MEP,,,,
Dagenham Dock,DDK,Meridian Water,MRW,,,,
Daisy Hill,DSY,Merryton,MEY,,,,
Dalgety Bay,DAG,Merstham,MHM,,,,
Dalmally,DAL,Merthyr Tydfil,MER,,,,
Dalmarnock,DAK,Merthyr Vale,MEV,,,,
Dalmeny,DAM,Metheringham,MGM,,,,
Dalmuir,DMR,MetroCentre,MCE,,,,
Dalreoch,DLR,Mexborough,MEX,,,,
Dalry,DLY,Micheldever,MIC,,,,
Dalston (Cumbria),DLS,Micklefield,MIK,,,,
Dalston Junction,DLJ,Middlesbrough,MBR,,,,
Dalston Kingsland,DLK,Middlewood,MDL,,,,
Dalton (Cumbria),DLT,Midgham,MDG,,,,
Dalwhinnie,DLW,Milford (Surrey),MLF,,,,
Danby,DNY,Milford Haven,MFH,,,,
Danescourt,DCT,Mill Hill (Lancs),MLH,,,,
Danzey,DZY,Mill Hill Broadway,MIL,,,,
Darlington,DAR,Millbrook (Beds),MLB,,,,
Darnall,DAN,Millbrook (Hants),MBK,,,,
Darsham,DSM,Milliken Park,MIN,,,,
Dartford,DFD,Millom,MLM,,,,
Darton,DRT,Mills Hill (Manchester),MIH,,,,
Darwen,DWN,Milngavie,MLN,,,,
Datchet,DAT,Milton Keynes Central,MKC,,,,
Davenport,DVN,Minffordd,MFF,,,,
Dawlish,DWL,Minster,MSR,,,,
Dawlish Warren,DWW,Mirfield,MIR,,,,
Deal,DEA,Mistley,MIS,,,,
Dean (Wilts),DEN,Mitcham Eastfields,MTC,,,,
Deansgate,DGT,Mitcham Junction,MIJ,,,,
Deganwy,DGY,Mobberley,MOB,,,,
Deighton,DHN,Monifieth,MON,,,,
Delamere,DLM,Monks Risborough,MRS,,,,
Denby Dale,DBD,Montpelier,MTP,,,,
Denham,DNM,Montrose,MTS,,,,
Denham Golf Club,DGC,Moorfields,MRF,,,,
Denmark Hill,DMK,Moorgate,MOG,,,,
Dent,DNT,Moorside,MSD,,,,
Denton,DTN,Moorthorpe,MRP,,,,
Deptford,DEP,Morar,MRR,,,,
Derby,DBY,Morchard Road,MRD,,,,
Derby Road (Ipswich),DBR,Morden South,MDS,,,,
Devonport (Devon),DPT,Morecambe,MCM,,,,
Devonport Dockyard,DOC,Moreton (Dorset),MTN,,,,
Dewsbury,DEW,Moreton (Merseyside),MRT,,,,
Didcot Parkway,DID,Moreton-in-Marsh,MIM,,,,
Digby & Sowton,DIG,Morfa Mawddach,MFA,,,,
Dilton Marsh,DMH,Morley,MLY,,,,
Dinas (Rhondda),DMG,Morpeth,MPT,,,,
Dinas Powys,DNS,Mortimer,MOR,,,,
Dingle Road,DGL,Mortlake,MTL,,,,
Dingwall,DIN,Moses Gate,MSS,,,,
Dinsdale,DND,Moss Side,MOS,,,,
Dinting,DTG,Mossley (Manchester),MSL,,,,
Disley,DSL,Mossley Hill,MSH,,,,
Diss,DIS,Mosspark,MPK,,,,
Dodworth,DOD,Moston,MSO,,,,
Dolau,DOL,Motherwell,MTH,,,,
Doleham,DLH,Motspur Park,MOT,,,,
Dolgarrog,DLG,Mottingham,MTG,,,,
Dolwyddelan,DWD,Mottisfont & Dunbridge,DBG,,,,
Doncaster,DON,Mouldsworth,MLD,,,,
Dorchester South,DCH,Moulsecoomb,MCB,,,,
Dorchester West,DCW,Mount Florida,MFL,,,,
Dore & Totley,DOR,Mount Vernon,MTV,,,,
Dorking (Main),DKG,Mountain Ash,MTA,,,,
Dorking Deepdene,DPD,Muir of Ord,MOO,,,,
Dorking West,DKT,Muirend,MUI,,,,
Dormans,DMS,Musselburgh,MUB,,,,
Dorridge,DDG,Mytholmroyd,MYT,,,,
Dove Holes,DVH,,,,,,
Dover Priory,DVP,,,,,,
Dovercourt,DVC,,,,,,
Dovey Junction,DVY,,,,,,
Downham Market,DOW,,,,,,
Drayton Green,DRG,,,,,,
Drayton Park,DYP,,,,,,
Drem,DRM,,,,,,
Driffield,DRF,,,,,,
Drigg,DRI,,,,,,
Droitwich Spa,DTW,,,,,,
Dronfield,DRO,,,,,,
Drumchapel,DMC,,,,,,
Drumfrochar,DFR,,,,,,
Drumgelloch,DRU,,,,,,
Drumry,DMY,,,,,,
Dublin Ferryport,DFP,,,,,,
Dublin Port - Stena,DPS,,,,,,
Duddeston,DUD,,,,,,
Dudley Port,DDP,,,,,,
Duffield,DFI,,,,,,
Duirinish,DRN,,,,,,
Duke Street,DST,,,,,,
Dullingham,DUL,,,,,,
Dumbarton Central,DBC,,,,,,
Dumbarton East,DBE,,,,,,
Dumbreck,DUM,,,,,,
Dumfries,DMF,,,,,,
Dumpton Park,DMP,,,,,,
Dunbar,DUN,,,,,,
Dunblane,DBL,,,,,,
Duncraig,DCG,,,,,,
Dundee,DEE,,,,,,
Dunfermline Queen Margaret,DFL,,,,,,
Dunfermline Town,DFE,,,,,,
Dunkeld & Birnam,DKD,,,,,,
Dunlop,DNL,,,,,,
Dunrobin Castle,DNO,,,,,,
Dunston,DOT,,,,,,
Dunton Green,DNG,,,,,,
Durham,DHM,,,,,,
Durrington-on-Sea,DUR,,,,,,
Dyce,DYC,,,,,,
Dyffryn Ardudwy,DYF,,,,,,
Eaglescliffe,EAG,,,,,,
Ealing Broadway,EAL,,,,,,
Earlestown,ERL,,,,,,
Earley,EAR,,,,,,
Earlsfield,EAD,,,,,,
Earlswood (Surrey),ELD,,,,,,
Earlswood (West Midlands),EWD,,,,,,
East Croydon,ECR,,,,,,
East Didsbury,EDY,,,,,,
East Dulwich,EDW,,,,,,
East Farleigh,EFL,,,,,,
East Garforth,EGF,,,,,,
East Grinstead,EGR,,,,,,
East Kilbride,EKL,,,,,,
East Malling,EML,,,,,,
East Midlands Parkway,EMD,,,,,,
East Tilbury,ETL,,,,,,
East Worthing,EWR,,,,,,
Eastbourne,EBN,,,,,,
Eastbrook,EBK,,,,,,
Easterhouse,EST,,,,,,
Eastham Rake,ERA,,,,,,
Eastleigh,ESL,,,,,,
Eastrington,EGN,,,,,,
Ebbsfleet International,EBD,,,,,,
Ebbw Vale Parkway,EBV,,,,,,
Ebbw Vale Town,EBB,,,,,,
Eccles (Manchester),ECC,,,,,,
Eccles Road,ECS,,,,,,
Eccleston Park,ECL,,,,,,
Edale,EDL,,,,,,
Eden Park,EDN,,,,,,
Edenbridge,EBR,,,,,,
Edenbridge Town,EBT,,,,,,
Edge Hill,EDG,,,,,,
Edinburgh,EDB,,,,,,
Edinburgh Gateway,EGY,,,,,,
Edinburgh Park,EDP,,,,,,
Edmonton Green,EDR,,,,,,
Effingham Junction,EFF,,,,,,
Eggesford,EGG,,,,,,
Egham,EGH,,,,,,
Egton,EGT,,,,,,
Elephant & Castle,EPH,,,,,,
Elephant & Castle (Underground),ZEL,,,,,,
Elgin,ELG,,,,,,
Ellesmere Port,ELP,,,,,,
Elmers End,ELE,,,,,,
Elmstead Woods,ESD,,,,,,
Elmswell,ESW,,,,,,
Elsecar,ELR,,,,,,
Elsenham (Essex),ESM,,,,,,
Elstree & Borehamwood,ELS,,,,,,
Eltham,ELW,,,,,,
Elton & Orston,ELO,,,,,,
Ely,ELY,,,,,,
Emerson Park,EMP,,,,,,
Emsworth,EMS,,,,,,
Energlyn & Churchill Park,ECP,,,,,,
Enfield Chase,ENC,,,,,,
Enfield Lock,ENL,,,,,,
Enfield Town,ENF,,,,,,
Entwistle,ENT,,,,,,
Epsom (Surrey),EPS,,,,,,
Epsom Downs,EPD,,,,,,
Erdington,ERD,,,,,,
Eridge,ERI,,,,,,
Erith,ERH,,,,,,
Esher,ESH,,,,,,
Eskbank,EKB,,,,,,
Essex Road,EXR,,,,,,
Etchingham,ETC,,,,,,
Euxton Balshaw Lane,EBA,,,,,,
Evesham,EVE,,,,,,
Ewell East,EWE,,,,,,
Ewell West,EWW,,,,,,
Exeter Central,EXC,,,,,,
Exeter St David's,EXD,,,,,,
Exeter St Thomas,EXT,,,,,,
Exhibition Centre (Glasgow),EXG,,,,,,
Exmouth,EXM,,,,,,
Exton,EXN,,,,,,
Eynsford,EYN,,,,,,
Fairbourne,FRB,,,,,,
Fairfield,FRF,,,,,,
Fairlie,FRL,,,,,,
Fairwater,FRW,,,,,,
Falconwood,FCN,,,,,,
Falkirk Grahamston,FKG,,,,,,
Falkirk High,FKK,,,,,,
Falls of Cruachan,FOC,,,,,,
Falmer,FMR,,,,,,
Falmouth Docks,FAL,,,,,,
Falmouth Town,FMT,,,,,,
Fareham,FRM,,,,,,
Farnborough (Main),FNB,,,,,,
Farnborough North,FNN,,,,,,
Farncombe,FNC,,,,,,
Farnham,FNH,,,,,,
Farningham Road,FNR,,,,,,
Farnworth,FNW,,,,,,
Farringdon,ZFD,,,,,,
Fauldhouse,FLD,,,,,,
Faversham,FAV,,,,,,
Faygate,FGT,,,,,,
Fazakerley,FAZ,,,,,,
Fearn,FRN,,,,,,
Featherstone,FEA,,,,,,
Felixstowe,FLX,,,,,,
Feltham,FEL,,,,,,
Feniton,FNT,,,,,,
Fenny Stratford,FEN,,,,,,
Fernhill,FER,,,,,,
Ferriby,FRY,,,,,,
Ferryside,FYS,,,,,,
Ffairfach,FFA,,,,,,
Filey,FIL,,,,,,
Filton Abbey Wood,FIT,,,,,,
Finchley Road & Frognal,FNY,,,,,,
Finsbury Park,FPK,,,,,,
Finstock,FIN,,,,,,
Fishbourne (Sussex),FSB,,,,,,
Fishersgate,FSG,,,,,,
Fishguard & Goodwick,FGW,,,,,,
Fishguard Harbour,FGH,,,,,,
Fiskerton,FSK,,,,,,
Fitzwilliam,FZW,,,,,,
Five Ways,FWY,,,,,,
Fleet,FLE,,,,,,
Flimby,FLM,,,,,,
Flint,FLN,,,,,,
Flitwick,FLT,,,,,,
Flixton,FLI,,,,,,
Flowery Field,FLF,,,,,,
Folkestone Central,FKC,,,,,,
Folkestone West,FKW,,,,,,
Ford,FOD,,,,,,
Forest Gate,FOG,,,,,,
Forest Hill,FOH,,,,,,
Formby,FBY,,,,,,
Forres,FOR,,,,,,
Forsinard,FRS,,,,,,
Fort Matilda,FTM,,,,,,
Fort William,FTW,,,,,,
Four Oaks,FOK,,,,,,
Foxfield,FOX,,,,,,
Foxton,FXN,,,,,,
Frant,FRT,,,,,,
Fratton,FTN,,,,,,
Freshfield,FRE,,,,,,
Freshford,FFD,,,,,,
Frimley,FML,,,,,,
Frinton-on-Sea,FRI,,,,,,
Frizinghall,FZH,,,,,,
Frodsham,FRD,,,,,,
Frome,FRO,,,,,,
Fulwell,FLW,,,,,,
Furness Vale,FNV,,,,,,
Furze Platt,FZP,,,,,,
